"filename", "language", "Markdown", "comment", "blank", "total"
"d:\mydocs\dev_wiki\docs\dart\06_error_handling\05_custom_exceptions.md", "Markdown", 426, 0, 112, 538
"d:\mydocs\dev_wiki\docs\dart\06_error_handling\06_assertions.md", "Markdown", 348, 0, 110, 458
"d:\mydocs\dev_wiki\docs\drift\02_database\02_database_connection.md", "Markdown", 701, 0, 170, 871
"d:\mydocs\dev_wiki\docs\drift\02_database\03_database_lifecycle.md", "Markdown", 737, 0, 182, 919
"d:\mydocs\dev_wiki\docs\drift\02_database\04_opening_database.md", "Markdown", 809, 0, 202, 1011
"d:\mydocs\dev_wiki\docs\drift\02_database\05_database_configuration.md", "Markdown", 743, 0, 231, 974
"d:\mydocs\dev_wiki\docs\drift\02_database\06_multiple_databases.md", "Markdown", 794, 0, 196, 990
"d:\mydocs\dev_wiki\docs\drift\03_tables\01_defining_tables.md", "Markdown", 555, 0, 170, 725
"d:\mydocs\dev_wiki\docs\drift\03_tables\02_columns.md", "Markdown", 442, 0, 138, 580
"d:\mydocs\dev_wiki\docs\drift\03_tables\03_constraints.md", "Markdown", 526, 0, 141, 667
"d:\mydocs\dev_wiki\docs\drift\03_tables\04_primary_keys.md", "Markdown", 509, 0, 142, 651
"d:\mydocs\dev_wiki\docs\drift\03_tables\05_composite_keys.md", "Markdown", 658, 0, 155, 813
"d:\mydocs\dev_wiki\docs\drift\03_tables\06_foreign_keys.md", "Markdown", 720, 0, 183, 903
"d:\mydocs\dev_wiki\docs\drift\03_tables\07_default_values.md", "Markdown", 581, 0, 151, 732
"d:\mydocs\dev_wiki\docs\drift\03_tables\08_generated_columns.md", "Markdown", 738, 0, 157, 895
"d:\mydocs\dev_wiki\docs\drift\03_tables\09_custom_types.md", "Markdown", 938, 0, 242, 1180
"d:\mydocs\dev_wiki\docs\drift\03_tables\10_table_inheritance.md", "Markdown", 692, 0, 135, 827
"d:\mydocs\dev_wiki\docs\drift\04_data_classes\01_generated_data_classes.md", "Markdown", 824, 0, 153, 977
"d:\mydocs\dev_wiki\docs\drift\04_data_classes\02_companions.md", "Markdown", 736, 0, 151, 887
"d:\mydocs\dev_wiki\docs\drift\04_data_classes\03_value.md", "Markdown", 707, 0, 153, 860
"d:\mydocs\dev_wiki\docs\drift\04_data_classes\04_insertable.md", "Markdown", 788, 0, 158, 946
"d:\mydocs\dev_wiki\docs\drift\04_data_classes\05_custom_data_classes.md", "Markdown", 1152, 0, 194, 1346
"d:\mydocs\dev_wiki\docs\drift\05_crud_operations\01_insert.md", "Markdown", 827, 0, 166, 993
"d:\mydocs\dev_wiki\docs\drift\05_crud_operations\02_batch_insert.md", "Markdown", 858, 0, 168, 1026
"d:\mydocs\dev_wiki\docs\drift\05_crud_operations\03_update.md", "Markdown", 723, 0, 153, 876
"d:\mydocs\dev_wiki\docs\flutter\05_scrolling\01_scroll_view.md", "Markdown", 792, 0, 116, 908
"d:\mydocs\dev_wiki\docs\flutter\05_scrolling\02_list_view.md", "Markdown", 744, 0, 104, 848
"d:\mydocs\dev_wiki\docs\flutter\05_scrolling\03_grid_view.md", "Markdown", 650, 0, 74, 724
"d:\mydocs\dev_wiki\docs\flutter\05_scrolling\04_custom_scroll_view.md", "Markdown", 795, 0, 90, 885
"d:\mydocs\dev_wiki\docs\flutter\05_scrolling\05_slivers.md", "Markdown", 711, 0, 87, 798
"d:\mydocs\dev_wiki\docs\flutter\05_scrolling\06_scroll_controller.md", "Markdown", 600, 0, 100, 700
"d:\mydocs\dev_wiki\docs\flutter\05_scrolling\07_scroll_physics.md", "Markdown", 691, 0, 92, 783
"d:\mydocs\dev_wiki\docs\flutter\05_scrolling\08_nested_scrolling.md", "Markdown", 883, 0, 87, 970
"d:\mydocs\dev_wiki\docs\flutter\05_scrolling\09_infinite_scrolling.md", "Markdown", 734, 0, 116, 850
"d:\mydocs\dev_wiki\docs\flutter\06_navigation\01_navigator.md", "Markdown", 668, 0, 96, 764
"d:\mydocs\dev_wiki\docs\flutter\06_navigation\02_routes.md", "Markdown", 739, 0, 98, 837
"d:\mydocs\dev_wiki\docs\flutter\06_navigation\03_named_routes.md", "Markdown", 715, 0, 105, 820
"d:\mydocs\dev_wiki\docs\flutter\06_navigation\04_router_api.md", "Markdown", 670, 0, 110, 780
"d:\mydocs\dev_wiki\docs\flutter\06_navigation\05_deep_linking.md", "Markdown", 681, 0, 85, 766
"d:\mydocs\dev_wiki\docs\flutter\06_navigation\06_route_guards.md", "Markdown", 642, 0, 129, 771
"d:\mydocs\dev_wiki\docs\flutter\06_navigation\07_navigation_patterns.md", "Markdown", 841, 0, 112, 953
"d:\mydocs\dev_wiki\docs\flutter\07_state_management\01_local_state.md", "Markdown", 714, 0, 108, 822
"d:\mydocs\dev_wiki\docs\flutter\07_state_management\02_inherited_widget.md", "Markdown", 619, 0, 130, 749
"d:\mydocs\dev_wiki\docs\flutter\07_state_management\03_inherited_model.md", "Markdown", 1564, 0, 251, 1815
"d:\mydocs\dev_wiki\docs\flutter\07_state_management\04_value_notifier.md", "Markdown", 1184, 0, 207, 1391
"d:\mydocs\dev_wiki\docs\flutter\07_state_management\05_change_notifier.md", "Markdown", 888, 0, 152, 1040
"d:\mydocs\dev_wiki\docs\flutter\07_state_management\06_listenable.md", "Markdown", 687, 0, 125, 812
"d:\mydocs\dev_wiki\docs\flutter\07_state_management\07_restoration.md", "Markdown", 830, 0, 127, 957
"d:\mydocs\dev_wiki\docs\flutter\07_state_management\08_state_management_overview.md", "Markdown", 638, 0, 72, 710
"d:\mydocs\dev_wiki\docs\flutter\08_forms_and_input\01_text_field.md", "Markdown", 1120, 0, 145, 1265
"d:\mydocs\dev_wiki\docs\flutter\08_forms_and_input\02_text_editing_controller.md", "Markdown", 960, 0, 142, 1102
"d:\mydocs\dev_wiki\docs\flutter\08_forms_and_input\03_form.md", "Markdown", 1317, 0, 133, 1450
"d:\mydocs\dev_wiki\docs\flutter\08_forms_and_input\04_form_validation.md", "Markdown", 910, 0, 109, 1019
"d:\mydocs\dev_wiki\docs\flutter\08_forms_and_input\05_focus.md", "Markdown", 809, 0, 118, 927
"d:\mydocs\dev_wiki\docs\flutter\08_forms_and_input\06_keyboard_handling.md", "Markdown", 963, 0, 116, 1079
"d:\mydocs\dev_wiki\docs\flutter\08_forms_and_input\07_input_formatters.md", "Markdown", 733, 0, 113, 846
"d:\mydocs\dev_wiki\docs\flutter\09_animation\01_implicit_animations.md", "Markdown", 838, 0, 100, 938
"Total", "-", 43862, 0, 7862, 51724