"filename", "language", "Markdown", "PostCSS", "YAML", "comment", "blank", "total"
"d:\mydocs\dev_wiki\docs\.github\workflow\docs.yml", "YAML", 0, 0, 17, 0, 7, 24
"d:\mydocs\dev_wiki\docs\dart\01_getting_started\01_what_is_dart.md", "Markdown", 263, 0, 0, 0, 110, 373
"d:\mydocs\dev_wiki\docs\dart\01_getting_started\02_installing_dart.md", "Markdown", 202, 0, 0, 0, 105, 307
"d:\mydocs\dev_wiki\docs\dart\01_getting_started\03_running_dart_programs.md", "Markdown", 306, 0, 0, 0, 148, 454
"d:\mydocs\dev_wiki\docs\dart\01_getting_started\04_project_structure.md", "Markdown", 387, 0, 0, 0, 144, 531
"d:\mydocs\dev_wiki\docs\dart\01_getting_started\05_language_tour.md", "Markdown", 606, 0, 0, 0, 207, 813
"d:\mydocs\dev_wiki\docs\dart\02_fundamentals\01_variables.md", "Markdown", 383, 0, 0, 0, 157, 540
"d:\mydocs\dev_wiki\docs\dart\02_fundamentals\02_null_safety.md", "Markdown", 378, 0, 0, 0, 149, 527
"d:\mydocs\dev_wiki\docs\dart\02_fundamentals\03_type_system.md", "Markdown", 421, 0, 0, 0, 165, 586
"d:\mydocs\dev_wiki\docs\dart\02_fundamentals\04_type_inference.md", "Markdown", 353, 0, 0, 0, 149, 502
"d:\mydocs\dev_wiki\docs\dart\02_fundamentals\05_operators.md", "Markdown", 438, 0, 0, 0, 170, 608
"d:\mydocs\dev_wiki\docs\dart\02_fundamentals\06_control_flow.md", "Markdown", 557, 0, 0, 0, 145, 702
"d:\mydocs\dev_wiki\docs\dart\02_fundamentals\07_functions.md", "Markdown", 499, 0, 0, 0, 170, 669
"d:\mydocs\dev_wiki\docs\dart\02_fundamentals\08_collections.md", "Markdown", 462, 0, 0, 0, 179, 641
"d:\mydocs\dev_wiki\docs\dart\02_fundamentals\09_records.md", "Markdown", 371, 0, 0, 0, 135, 506
"d:\mydocs\dev_wiki\docs\dart\02_fundamentals\10_patterns.md", "Markdown", 530, 0, 0, 0, 146, 676
"d:\mydocs\dev_wiki\docs\dart\02_fundamentals\11_pattern_matching.md", "Markdown", 459, 0, 0, 0, 110, 569
"d:\mydocs\dev_wiki\docs\dart\02_fundamentals\12_destructuring.md", "Markdown", 419, 0, 0, 0, 152, 571
"d:\mydocs\dev_wiki\docs\dart\02_fundamentals\13_enums.md", "Markdown", 469, 0, 0, 0, 132, 601
"d:\mydocs\dev_wiki\docs\dart\02_fundamentals\14_extensions.md", "Markdown", 447, 0, 0, 0, 141, 588
"d:\mydocs\dev_wiki\docs\dart\02_fundamentals\15_extension_types.md", "Markdown", 345, 0, 0, 0, 125, 470
"d:\mydocs\dev_wiki\docs\dart\02_fundamentals\16_typedefs.md", "Markdown", 379, 0, 0, 0, 133, 512
"d:\mydocs\dev_wiki\docs\dart\02_fundamentals\17_metadata_annotations.md", "Markdown", 320, 0, 0, 0, 113, 433
"d:\mydocs\dev_wiki\docs\dart\02_fundamentals\18_comments_and_documentation.md", "Markdown", 388, 0, 0, 0, 92, 480
"d:\mydocs\dev_wiki\docs\dart\03_oop\01_classes.md", "Markdown", 484, 0, 0, 0, 159, 643
"d:\mydocs\dev_wiki\docs\dart\03_oop\02_constructors.md", "Markdown", 432, 0, 0, 0, 144, 576
"d:\mydocs\dev_wiki\docs\dart\03_oop\03_fields.md", "Markdown", 422, 0, 0, 0, 141, 563
"d:\mydocs\dev_wiki\docs\dart\03_oop\04_methods.md", "Markdown", 466, 0, 0, 0, 141, 607
"d:\mydocs\dev_wiki\docs\dart\03_oop\05_getters_and_setters.md", "Markdown", 409, 0, 0, 0, 141, 550
"d:\mydocs\dev_wiki\docs\dart\03_oop\06_inheritance.md", "Markdown", 528, 0, 0, 0, 179, 707
"d:\mydocs\dev_wiki\docs\dart\03_oop\07_mixins.md", "Markdown", 390, 0, 0, 0, 129, 519
"d:\mydocs\dev_wiki\docs\dart\03_oop\08_abstract_classes.md", "Markdown", 437, 0, 0, 0, 138, 575
"d:\mydocs\dev_wiki\docs\dart\03_oop\09_interfaces.md", "Markdown", 440, 0, 0, 0, 138, 578
"d:\mydocs\dev_wiki\docs\dart\03_oop\10_sealed_classes.md", "Markdown", 431, 0, 0, 0, 142, 573
"d:\mydocs\dev_wiki\docs\dart\03_oop\11_base_classes.md", "Markdown", 365, 0, 0, 0, 120, 485
"d:\mydocs\dev_wiki\docs\dart\03_oop\12_interface_classes.md", "Markdown", 413, 0, 0, 0, 118, 531
"d:\mydocs\dev_wiki\docs\dart\03_oop\13_final_classes.md", "Markdown", 360, 0, 0, 0, 117, 477
"d:\mydocs\dev_wiki\docs\dart\03_oop\14_factory_constructors.md", "Markdown", 417, 0, 0, 0, 131, 548
"d:\mydocs\dev_wiki\docs\dart\03_oop\15_callable_classes.md", "Markdown", 391, 0, 0, 0, 125, 516
"d:\mydocs\dev_wiki\docs\dart\03_oop\16_object_lifecycle.md", "Markdown", 451, 0, 0, 0, 129, 580
"d:\mydocs\dev_wiki\docs\dart\04_generics\01_generic_classes.md", "Markdown", 343, 0, 0, 0, 123, 466
"d:\mydocs\dev_wiki\docs\dart\04_generics\02_generic_functions.md", "Markdown", 376, 0, 0, 0, 119, 495
"d:\mydocs\dev_wiki\docs\dart\04_generics\03_type_bounds.md", "Markdown", 336, 0, 0, 0, 115, 451
"d:\mydocs\dev_wiki\docs\dart\04_generics\04_generic_methods.md", "Markdown", 413, 0, 0, 0, 113, 526
"d:\mydocs\dev_wiki\docs\dart\04_generics\05_covariance.md", "Markdown", 348, 0, 0, 0, 105, 453
"d:\mydocs\dev_wiki\docs\dart\04_generics\06_variance.md", "Markdown", 354, 0, 0, 0, 109, 463
"d:\mydocs\dev_wiki\docs\dart\05_async\01_future.md", "Markdown", 476, 0, 0, 0, 117, 593
"d:\mydocs\dev_wiki\docs\dart\05_async\02_async_and_await.md", "Markdown", 446, 0, 0, 0, 119, 565
"d:\mydocs\dev_wiki\docs\dart\05_async\03_future_or.md", "Markdown", 345, 0, 0, 0, 96, 441
"d:\mydocs\dev_wiki\docs\dart\05_async\04_streams.md", "Markdown", 450, 0, 0, 0, 123, 573
"d:\mydocs\dev_wiki\docs\dart\05_async\05_stream_controller.md", "Markdown", 411, 0, 0, 0, 143, 554
"d:\mydocs\dev_wiki\docs\dart\05_async\06_async_star.md", "Markdown", 427, 0, 0, 0, 106, 533
"d:\mydocs\dev_wiki\docs\dart\05_async\07_sync_star.md", "Markdown", 411, 0, 0, 0, 105, 516
"d:\mydocs\dev_wiki\docs\dart\05_async\08_isolates.md", "Markdown", 484, 0, 0, 0, 136, 620
"d:\mydocs\dev_wiki\docs\dart\05_async\09_zones.md", "Markdown", 523, 0, 0, 0, 127, 650
"d:\mydocs\dev_wiki\docs\dart\05_async\10_error_handling.md", "Markdown", 519, 0, 0, 0, 118, 637
"d:\mydocs\dev_wiki\docs\dart\06_error_handling\01_exceptions.md", "Markdown", 362, 0, 0, 0, 95, 457
"d:\mydocs\dev_wiki\docs\dart\06_error_handling\02_try_catch.md", "Markdown", 369, 0, 0, 0, 102, 471
"d:\mydocs\dev_wiki\docs\dart\06_error_handling\03_finally.md", "Markdown", 379, 0, 0, 0, 103, 482
"d:\mydocs\dev_wiki\docs\dart\06_error_handling\04_throw.md", "Markdown", 331, 0, 0, 0, 104, 435
"d:\mydocs\dev_wiki\docs\dart\06_error_handling\05_custom_exceptions.md", "Markdown", 426, 0, 0, 0, 113, 539
"d:\mydocs\dev_wiki\docs\dart\06_error_handling\06_assertions.md", "Markdown", 348, 0, 0, 0, 111, 459
"d:\mydocs\dev_wiki\docs\dart\07_libraries\01_libraries_overview.md", "Markdown", 0, 0, 0, 0, 1, 1
"d:\mydocs\dev_wiki\docs\dart\07_libraries\02_imports.md", "Markdown", 0, 0, 0, 0, 1, 1
"d:\mydocs\dev_wiki\docs\dart\07_libraries\03_exports.md", "Markdown", 0, 0, 0, 0, 1, 1
"d:\mydocs\dev_wiki\docs\dart\07_libraries\04_parts.md", "Markdown", 0, 0, 0, 0, 1, 1
"d:\mydocs\dev_wiki\docs\dart\07_libraries\05_deferred_loading.md", "Markdown", 0, 0, 0, 0, 1, 1
"d:\mydocs\dev_wiki\docs\dart\07_libraries\06_packages.md", "Markdown", 0, 0, 0, 0, 1, 1
"d:\mydocs\dev_wiki\docs\dart\08_core_libraries\01_dart_core_object.md", "Markdown", 0, 0, 0, 0, 1, 1
"d:\mydocs\dev_wiki\docs\dart\08_core_libraries\02_dart_core_string.md", "Markdown", 0, 0, 0, 0, 1, 1
"d:\mydocs\dev_wiki\docs\dart\08_core_libraries\03_dart_core_numbers.md", "Markdown", 0, 0, 0, 0, 1, 1
"d:\mydocs\dev_wiki\docs\dart\08_core_libraries\04_dart_core_boolean.md", "Markdown", 0, 0, 0, 0, 1, 1
"d:\mydocs\dev_wiki\docs\dart\08_core_libraries\05_dart_core_collections.md", "Markdown", 0, 0, 0, 0, 1, 1
"d:\mydocs\dev_wiki\docs\dart\08_core_libraries\06_dart_core_iterable_iterator.md", "Markdown", 0, 0, 0, 0, 1, 1
"d:\mydocs\dev_wiki\docs\dart\08_core_libraries\07_dart_core_datetime_duration.md", "Markdown", 0, 0, 0, 0, 1, 1
"d:\mydocs\dev_wiki\docs\dart\08_core_libraries\08_dart_core_regexp.md", "Markdown", 0, 0, 0, 0, 1, 1
"d:\mydocs\dev_wiki\docs\dart\08_core_libraries\09_dart_core_uri_symbol.md", "Markdown", 0, 0, 0, 0, 1, 1
"d:\mydocs\dev_wiki\docs\dart\08_core_libraries\10_dart_async_overview.md", "Markdown", 0, 0, 0, 0, 1, 1
"d:\mydocs\dev_wiki\docs\dart\08_core_libraries\11_dart_convert.md", "Markdown", 0, 0, 0, 0, 1, 1
"d:\mydocs\dev_wiki\docs\dart\08_core_libraries\12_dart_io.md", "Markdown", 0, 0, 0, 0, 1, 1
"d:\mydocs\dev_wiki\docs\dart\08_core_libraries\13_dart_math.md", "Markdown", 0, 0, 0, 0, 1, 1
"d:\mydocs\dev_wiki\docs\dart\08_core_libraries\14_dart_collection.md", "Markdown", 0, 0, 0, 0, 1, 1
"d:\mydocs\dev_wiki\docs\dart\08_core_libraries\15_dart_isolate.md", "Markdown", 0, 0, 0, 0, 1, 1
"d:\mydocs\dev_wiki\docs\dart\08_core_libraries\16_dart_typed_data.md", "Markdown", 0, 0, 0, 0, 1, 1
"d:\mydocs\dev_wiki\docs\dart\08_core_libraries\17_dart_developer.md", "Markdown", 0, 0, 0, 0, 1, 1
"d:\mydocs\dev_wiki\docs\dart\09_concurrency\01_event_loop.md", "Markdown", 0, 0, 0, 0, 1, 1
"d:\mydocs\dev_wiki\docs\dart\09_concurrency\02_microtask_queue.md", "Markdown", 0, 0, 0, 0, 1, 1
"d:\mydocs\dev_wiki\docs\dart\09_concurrency\03_isolates_deep_dive.md", "Markdown", 0, 0, 0, 0, 1, 1
"d:\mydocs\dev_wiki\docs\dart\09_concurrency\04_message_passing.md", "Markdown", 0, 0, 0, 0, 1, 1
"d:\mydocs\dev_wiki\docs\dart\09_concurrency\05_scheduling.md", "Markdown", 0, 0, 0, 0, 1, 1
"d:\mydocs\dev_wiki\docs\dart\10_testing\01_unit_testing.md", "Markdown", 0, 0, 0, 0, 1, 1
"d:\mydocs\dev_wiki\docs\dart\10_testing\02_mocking.md", "Markdown", 0, 0, 0, 0, 1, 1
"d:\mydocs\dev_wiki\docs\dart\10_testing\03_test_matchers.md", "Markdown", 0, 0, 0, 0, 1, 1
"d:\mydocs\dev_wiki\docs\dart\10_testing\04_benchmarking.md", "Markdown", 0, 0, 0, 0, 1, 1
"d:\mydocs\dev_wiki\docs\dart\11_performance\01_memory_management.md", "Markdown", 0, 0, 0, 0, 1, 1
"d:\mydocs\dev_wiki\docs\dart\11_performance\02_garbage_collection.md", "Markdown", 0, 0, 0, 0, 1, 1
"d:\mydocs\dev_wiki\docs\dart\11_performance\03_const_optimizations.md", "Markdown", 0, 0, 0, 0, 1, 1
"d:\mydocs\dev_wiki\docs\dart\11_performance\04_lazy_initialization.md", "Markdown", 0, 0, 0, 0, 1, 1
"d:\mydocs\dev_wiki\docs\dart\11_performance\05_collections_performance.md", "Markdown", 0, 0, 0, 0, 1, 1
"d:\mydocs\dev_wiki\docs\dart\11_performance\06_compiler_optimizations.md", "Markdown", 0, 0, 0, 0, 1, 1
"d:\mydocs\dev_wiki\docs\dart\12_best_practices\01_effective_dart.md", "Markdown", 0, 0, 0, 0, 1, 1
"d:\mydocs\dev_wiki\docs\dart\12_best_practices\02_naming_conventions.md", "Markdown", 0, 0, 0, 0, 1, 1
"d:\mydocs\dev_wiki\docs\dart\12_best_practices\03_api_design.md", "Markdown", 0, 0, 0, 0, 1, 1
"d:\mydocs\dev_wiki\docs\dart\12_best_practices\04_immutability.md", "Markdown", 0, 0, 0, 0, 1, 1
"d:\mydocs\dev_wiki\docs\dart\12_best_practices\05_error_handling_patterns.md", "Markdown", 0, 0, 0, 0, 1, 1
"d:\mydocs\dev_wiki\docs\dart\12_best_practices\06_project_structure.md", "Markdown", 0, 0, 0, 0, 1, 1
"d:\mydocs\dev_wiki\docs\dart\12_best_practices\07_common_pitfalls.md", "Markdown", 0, 0, 0, 0, 1, 1
"d:\mydocs\dev_wiki\docs\dart\13_comparisons\01_future_vs_stream.md", "Markdown", 0, 0, 0, 0, 1, 1
"d:\mydocs\dev_wiki\docs\dart\13_comparisons\02_list_vs_set_vs_map.md", "Markdown", 0, 0, 0, 0, 1, 1
"d:\mydocs\dev_wiki\docs\dart\13_comparisons\03_mixin_vs_extension.md", "Markdown", 0, 0, 0, 0, 1, 1
"d:\mydocs\dev_wiki\docs\dart\13_comparisons\04_abstract_class_vs_interface.md", "Markdown", 0, 0, 0, 0, 1, 1
"d:\mydocs\dev_wiki\docs\dart\13_comparisons\05_factory_vs_generative_constructor.md", "Markdown", 0, 0, 0, 0, 1, 1
"d:\mydocs\dev_wiki\docs\dart\13_comparisons\06_record_vs_class.md", "Markdown", 0, 0, 0, 0, 1, 1
"d:\mydocs\dev_wiki\docs\dart\13_comparisons\07_pattern_vs_switch.md", "Markdown", 0, 0, 0, 0, 1, 1
"d:\mydocs\dev_wiki\docs\dart\13_comparisons\08_extension_vs_extension_type.md", "Markdown", 0, 0, 0, 0, 1, 1
"d:\mydocs\dev_wiki\docs\dart\13_comparisons\09_final_vs_const.md", "Markdown", 0, 0, 0, 0, 1, 1
"d:\mydocs\dev_wiki\docs\dart\14_api_cheat_sheet\01_collections.md", "Markdown", 0, 0, 0, 0, 1, 1
"d:\mydocs\dev_wiki\docs\dart\14_api_cheat_sheet\02_async_apis.md", "Markdown", 0, 0, 0, 0, 1, 1
"d:\mydocs\dev_wiki\docs\dart\14_api_cheat_sheet\03_string_apis.md", "Markdown", 0, 0, 0, 0, 1, 1
"d:\mydocs\dev_wiki\docs\dart\14_api_cheat_sheet\04_datetime_apis.md", "Markdown", 0, 0, 0, 0, 1, 1
"d:\mydocs\dev_wiki\docs\dart\14_api_cheat_sheet\05_iterable_apis.md", "Markdown", 0, 0, 0, 0, 1, 1
"d:\mydocs\dev_wiki\docs\dart\14_api_cheat_sheet\06_language_keywords.md", "Markdown", 0, 0, 0, 0, 1, 1
"d:\mydocs\dev_wiki\docs\drift\01_getting_started\01_what_is_drift.md", "Markdown", 213, 0, 0, 0, 72, 285
"d:\mydocs\dev_wiki\docs\drift\01_getting_started\02_installation.md", "Markdown", 321, 0, 0, 0, 114, 435
"d:\mydocs\dev_wiki\docs\drift\01_getting_started\03_setting_up_database.md", "Markdown", 626, 0, 0, 0, 175, 801
"d:\mydocs\dev_wiki\docs\drift\01_getting_started\04_code_generation.md", "Markdown", 592, 0, 0, 0, 162, 754
"d:\mydocs\dev_wiki\docs\drift\01_getting_started\05_your_first_query.md", "Markdown", 634, 0, 0, 0, 171, 805
"d:\mydocs\dev_wiki\docs\drift\02_database\01_generated_database.md", "Markdown", 538, 0, 0, 0, 143, 681
"d:\mydocs\dev_wiki\docs\drift\02_database\02_database_connection.md", "Markdown", 701, 0, 0, 0, 171, 872
"d:\mydocs\dev_wiki\docs\drift\02_database\03_database_lifecycle.md", "Markdown", 737, 0, 0, 0, 183, 920
"d:\mydocs\dev_wiki\docs\drift\02_database\04_opening_database.md", "Markdown", 809, 0, 0, 0, 203, 1012
"d:\mydocs\dev_wiki\docs\drift\02_database\05_database_configuration.md", "Markdown", 743, 0, 0, 0, 232, 975
"d:\mydocs\dev_wiki\docs\drift\02_database\06_multiple_databases.md", "Markdown", 794, 0, 0, 0, 197, 991
"d:\mydocs\dev_wiki\docs\drift\03_tables\01_defining_tables.md", "Markdown", 555, 0, 0, 0, 171, 726
"d:\mydocs\dev_wiki\docs\drift\03_tables\02_columns.md", "Markdown", 442, 0, 0, 0, 139, 581
"d:\mydocs\dev_wiki\docs\drift\03_tables\03_constraints.md", "Markdown", 526, 0, 0, 0, 142, 668
"d:\mydocs\dev_wiki\docs\drift\03_tables\04_primary_keys.md", "Markdown", 509, 0, 0, 0, 143, 652
"d:\mydocs\dev_wiki\docs\drift\03_tables\05_composite_keys.md", "Markdown", 658, 0, 0, 0, 156, 814
"d:\mydocs\dev_wiki\docs\drift\03_tables\06_foreign_keys.md", "Markdown", 720, 0, 0, 0, 184, 904
"d:\mydocs\dev_wiki\docs\drift\03_tables\07_default_values.md", "Markdown", 581, 0, 0, 0, 152, 733
"d:\mydocs\dev_wiki\docs\drift\03_tables\08_generated_columns.md", "Markdown", 738, 0, 0, 0, 158, 896
"d:\mydocs\dev_wiki\docs\drift\03_tables\09_custom_types.md", "Markdown", 938, 0, 0, 0, 243, 1181
"d:\mydocs\dev_wiki\docs\drift\03_tables\10_table_inheritance.md", "Markdown", 692, 0, 0, 0, 136, 828
"d:\mydocs\dev_wiki\docs\drift\04_data_classes\01_generated_data_classes.md", "Markdown", 824, 0, 0, 0, 154, 978
"d:\mydocs\dev_wiki\docs\drift\04_data_classes\02_companions.md", "Markdown", 736, 0, 0, 0, 152, 888
"d:\mydocs\dev_wiki\docs\drift\04_data_classes\03_value.md", "Markdown", 707, 0, 0, 0, 154, 861
"d:\mydocs\dev_wiki\docs\drift\04_data_classes\04_insertable.md", "Markdown", 788, 0, 0, 0, 159, 947
"d:\mydocs\dev_wiki\docs\drift\04_data_classes\05_custom_data_classes.md", "Markdown", 1152, 0, 0, 0, 195, 1347
"d:\mydocs\dev_wiki\docs\drift\05_crud_operations\01_insert.md", "Markdown", 827, 0, 0, 0, 167, 994
"d:\mydocs\dev_wiki\docs\drift\05_crud_operations\02_batch_insert.md", "Markdown", 858, 0, 0, 0, 169, 1027
"d:\mydocs\dev_wiki\docs\drift\05_crud_operations\03_update.md", "Markdown", 723, 0, 0, 0, 154, 877
"d:\mydocs\dev_wiki\docs\drift\05_crud_operations\04_replace.md", "Markdown", 0, 0, 0, 0, 1, 1
"d:\mydocs\dev_wiki\docs\drift\05_crud_operations\05_delete.md", "Markdown", 0, 0, 0, 0, 1, 1
"d:\mydocs\dev_wiki\docs\drift\05_crud_operations\06_upsert.md", "Markdown", 0, 0, 0, 0, 1, 1
"d:\mydocs\dev_wiki\docs\drift\05_crud_operations\07_returning_rows.md", "Markdown", 0, 0, 0, 0, 1, 1
"d:\mydocs\dev_wiki\docs\drift\05_crud_operations\08_batch_operations.md", "Markdown", 0, 0, 0, 0, 1, 1
"d:\mydocs\dev_wiki\docs\drift\06_query_builder\01_select.md", "Markdown", 0, 0, 0, 0, 1, 1
"d:\mydocs\dev_wiki\docs\drift\06_query_builder\02_filtering.md", "Markdown", 0, 0, 0, 0, 1, 1
"d:\mydocs\dev_wiki\docs\drift\06_query_builder\03_ordering.md", "Markdown", 0, 0, 0, 0, 1, 1
"d:\mydocs\dev_wiki\docs\drift\06_query_builder\04_limiting.md", "Markdown", 0, 0, 0, 0, 1, 1
"d:\mydocs\dev_wiki\docs\drift\06_query_builder\05_distinct.md", "Markdown", 0, 0, 0, 0, 1, 1
"d:\mydocs\dev_wiki\docs\drift\06_query_builder\06_aliases.md", "Markdown", 0, 0, 0, 0, 1, 1
"d:\mydocs\dev_wiki\docs\drift\06_query_builder\07_expressions.md", "Markdown", 0, 0, 0, 0, 1, 1
"d:\mydocs\dev_wiki\docs\drift\06_query_builder\08_custom_sql_expressions.md", "Markdown", 0, 0, 0, 0, 1, 1
"d:\mydocs\dev_wiki\docs\drift\06_query_builder\09_dynamic_queries.md", "Markdown", 0, 0, 0, 0, 1, 1
"d:\mydocs\dev_wiki\docs\drift\07_relationships\01_inner_join.md", "Markdown", 0, 0, 0, 0, 1, 1
"d:\mydocs\dev_wiki\docs\drift\07_relationships\02_left_join.md", "Markdown", 0, 0, 0, 0, 1, 1
"d:\mydocs\dev_wiki\docs\drift\07_relationships\03_cross_join.md", "Markdown", 0, 0, 0, 0, 1, 1
"d:\mydocs\dev_wiki\docs\drift\07_relationships\04_self_join.md", "Markdown", 0, 0, 0, 0, 1, 1
"d:\mydocs\dev_wiki\docs\drift\07_relationships\05_many_to_many.md", "Markdown", 0, 0, 0, 0, 1, 1
"d:\mydocs\dev_wiki\docs\drift\07_relationships\06_one_to_many.md", "Markdown", 0, 0, 0, 0, 1, 1
"d:\mydocs\dev_wiki\docs\drift\07_relationships\07_one_to_one.md", "Markdown", 0, 0, 0, 0, 1, 1
"d:\mydocs\dev_wiki\docs\drift\07_relationships\08_mapping_joined_results.md", "Markdown", 0, 0, 0, 0, 1, 1
"d:\mydocs\dev_wiki\docs\drift\08_streams\01_watching_queries.md", "Markdown", 0, 0, 0, 0, 1, 1
"d:\mydocs\dev_wiki\docs\drift\08_streams\02_stream_updates.md", "Markdown", 0, 0, 0, 0, 1, 1
"d:\mydocs\dev_wiki\docs\drift\08_streams\03_reactive_queries.md", "Markdown", 0, 0, 0, 0, 1, 1
"d:\mydocs\dev_wiki\docs\drift\08_streams\04_watching_multiple_tables.md", "Markdown", 0, 0, 0, 0, 1, 1
"d:\mydocs\dev_wiki\docs\drift\08_streams\05_stream_performance.md", "Markdown", 0, 0, 0, 0, 1, 1
"d:\mydocs\dev_wiki\docs\drift\09_transactions\01_transactions.md", "Markdown", 0, 0, 0, 0, 1, 1
"d:\mydocs\dev_wiki\docs\drift\09_transactions\02_nested_transactions.md", "Markdown", 0, 0, 0, 0, 1, 1
"d:\mydocs\dev_wiki\docs\drift\09_transactions\03_batch_vs_transaction.md", "Markdown", 0, 0, 0, 0, 1, 1
"d:\mydocs\dev_wiki\docs\drift\09_transactions\04_rollback_behavior.md", "Markdown", 0, 0, 0, 0, 1, 1
"d:\mydocs\dev_wiki\docs\drift\10_sql_features\01_custom_sql.md", "Markdown", 0, 0, 0, 0, 1, 1
"d:\mydocs\dev_wiki\docs\drift\10_sql_features\02_sql_variables.md", "Markdown", 0, 0, 0, 0, 1, 1
"d:\mydocs\dev_wiki\docs\drift\10_sql_features\03_views.md", "Markdown", 0, 0, 0, 0, 1, 1
"d:\mydocs\dev_wiki\docs\drift\10_sql_features\04_indexes.md", "Markdown", 0, 0, 0, 0, 1, 1
"d:\mydocs\dev_wiki\docs\drift\10_sql_features\05_triggers.md", "Markdown", 0, 0, 0, 0, 1, 1
"d:\mydocs\dev_wiki\docs\drift\10_sql_features\06_common_table_expressions.md", "Markdown", 0, 0, 0, 0, 1, 1
"d:\mydocs\dev_wiki\docs\drift\10_sql_features\07_window_functions.md", "Markdown", 0, 0, 0, 0, 1, 1
"d:\mydocs\dev_wiki\docs\drift\10_sql_features\08_sqlite_functions.md", "Markdown", 0, 0, 0, 0, 1, 1
"d:\mydocs\dev_wiki\docs\drift\11_migrations\01_schema_versions.md", "Markdown", 0, 0, 0, 0, 1, 1
"d:\mydocs\dev_wiki\docs\drift\11_migrations\02_migration_strategy.md", "Markdown", 0, 0, 0, 0, 1, 1
"d:\mydocs\dev_wiki\docs\drift\11_migrations\03_migration_examples.md", "Markdown", 0, 0, 0, 0, 1, 1
"d:\mydocs\dev_wiki\docs\drift\11_migrations\04_destructive_migrations.md", "Markdown", 0, 0, 0, 0, 1, 1
"d:\mydocs\dev_wiki\docs\drift\11_migrations\05_testing_migrations.md", "Markdown", 0, 0, 0, 0, 1, 1
"d:\mydocs\dev_wiki\docs\drift\11_migrations\06_best_practices.md", "Markdown", 0, 0, 0, 0, 1, 1
"d:\mydocs\dev_wiki\docs\drift\12_type_converters\01_type_converter.md", "Markdown", 0, 0, 0, 0, 1, 1
"d:\mydocs\dev_wiki\docs\drift\12_type_converters\02_enum_conversion.md", "Markdown", 0, 0, 0, 0, 1, 1
"d:\mydocs\dev_wiki\docs\drift\12_type_converters\03_date_time_conversion.md", "Markdown", 0, 0, 0, 0, 1, 1
"d:\mydocs\dev_wiki\docs\drift\12_type_converters\04_json_conversion.md", "Markdown", 0, 0, 0, 0, 1, 1
"d:\mydocs\dev_wiki\docs\drift\12_type_converters\05_custom_objects.md", "Markdown", 0, 0, 0, 0, 1, 1
"d:\mydocs\dev_wiki\docs\drift\12_type_converters\06_reusable_converters.md", "Markdown", 0, 0, 0, 0, 1, 1
"d:\mydocs\dev_wiki\docs\drift\13_daos\01_what_is_a_dao.md", "Markdown", 0, 0, 0, 0, 1, 1
"d:\mydocs\dev_wiki\docs\drift\13_daos\02_defining_daos.md", "Markdown", 0, 0, 0, 0, 1, 1
"d:\mydocs\dev_wiki\docs\drift\13_daos\03_organizing_queries.md", "Markdown", 0, 0, 0, 0, 1, 1
"d:\mydocs\dev_wiki\docs\drift\13_daos\04_injecting_dependencies.md", "Markdown", 0, 0, 0, 0, 1, 1
"d:\mydocs\dev_wiki\docs\drift\13_daos\05_best_practices.md", "Markdown", 0, 0, 0, 0, 1, 1
"d:\mydocs\dev_wiki\docs\drift\14_performance\01_indexing.md", "Markdown", 0, 0, 0, 0, 1, 1
"d:\mydocs\dev_wiki\docs\drift\14_performance\02_query_optimization.md", "Markdown", 0, 0, 0, 0, 1, 1
"d:\mydocs\dev_wiki\docs\drift\14_performance\03_batch_operations.md", "Markdown", 0, 0, 0, 0, 1, 1
"d:\mydocs\dev_wiki\docs\drift\14_performance\04_lazy_loading.md", "Markdown", 0, 0, 0, 0, 1, 1
"d:\mydocs\dev_wiki\docs\drift\14_performance\05_avoiding_n_plus_1_queries.md", "Markdown", 0, 0, 0, 0, 1, 1
"d:\mydocs\dev_wiki\docs\drift\14_performance\06_stream_efficiency.md", "Markdown", 0, 0, 0, 0, 1, 1
"d:\mydocs\dev_wiki\docs\drift\15_testing\01_in_memory_database.md", "Markdown", 0, 0, 0, 0, 1, 1
"d:\mydocs\dev_wiki\docs\drift\15_testing\02_testing_queries.md", "Markdown", 0, 0, 0, 0, 1, 1
"d:\mydocs\dev_wiki\docs\drift\15_testing\03_testing_daos.md", "Markdown", 0, 0, 0, 0, 1, 1
"d:\mydocs\dev_wiki\docs\drift\15_testing\04_mocking_dependencies.md", "Markdown", 0, 0, 0, 0, 1, 1
"d:\mydocs\dev_wiki\docs\drift\15_testing\05_migration_testing.md", "Markdown", 0, 0, 0, 0, 1, 1
"d:\mydocs\dev_wiki\docs\drift\16_best_practices\01_project_structure.md", "Markdown", 0, 0, 0, 0, 1, 1
"d:\mydocs\dev_wiki\docs\drift\16_best_practices\02_organizing_tables.md", "Markdown", 0, 0, 0, 0, 1, 1
"d:\mydocs\dev_wiki\docs\drift\16_best_practices\03_repository_pattern.md", "Markdown", 0, 0, 0, 0, 1, 1
"d:\mydocs\dev_wiki\docs\drift\16_best_practices\04_error_handling.md", "Markdown", 0, 0, 0, 0, 1, 1
"d:\mydocs\dev_wiki\docs\drift\16_best_practices\05_naming_conventions.md", "Markdown", 0, 0, 0, 0, 1, 1
"d:\mydocs\dev_wiki\docs\drift\16_best_practices\06_database_design_tips.md", "Markdown", 0, 0, 0, 0, 1, 1
"d:\mydocs\dev_wiki\docs\drift\17_comparisons\01_drift_vs_sqflite.md", "Markdown", 0, 0, 0, 0, 1, 1
"d:\mydocs\dev_wiki\docs\drift\17_comparisons\02_drift_vs_isar.md", "Markdown", 0, 0, 0, 0, 1, 1
"d:\mydocs\dev_wiki\docs\drift\17_comparisons\03_drift_vs_hive.md", "Markdown", 0, 0, 0, 0, 1, 1
"d:\mydocs\dev_wiki\docs\drift\17_comparisons\04_dao_vs_repository.md", "Markdown", 0, 0, 0, 0, 1, 1
"d:\mydocs\dev_wiki\docs\drift\17_comparisons\05_watch_vs_get.md", "Markdown", 0, 0, 0, 0, 1, 1
"d:\mydocs\dev_wiki\docs\drift\17_comparisons\06_batch_vs_transaction.md", "Markdown", 0, 0, 0, 0, 1, 1
"d:\mydocs\dev_wiki\docs\drift\18_api_cheat_sheet\01_query_apis.md", "Markdown", 0, 0, 0, 0, 1, 1
"d:\mydocs\dev_wiki\docs\drift\18_api_cheat_sheet\02_crud_apis.md", "Markdown", 0, 0, 0, 0, 1, 1
"d:\mydocs\dev_wiki\docs\drift\18_api_cheat_sheet\03_stream_apis.md", "Markdown", 0, 0, 0, 0, 1, 1
"d:\mydocs\dev_wiki\docs\drift\18_api_cheat_sheet\04_migration_apis.md", "Markdown", 0, 0, 0, 0, 1, 1
"d:\mydocs\dev_wiki\docs\drift\18_api_cheat_sheet\05_common_patterns.md", "Markdown", 0, 0, 0, 0, 1, 1
"d:\mydocs\dev_wiki\docs\flutter\01_getting_started\01_what_is_flutter.md", "Markdown", 163, 0, 0, 0, 56, 219
"d:\mydocs\dev_wiki\docs\flutter\01_getting_started\02_installation.md", "Markdown", 264, 0, 0, 0, 103, 367
"d:\mydocs\dev_wiki\docs\flutter\01_getting_started\03_project_structure.md", "Markdown", 354, 0, 0, 0, 90, 444
"d:\mydocs\dev_wiki\docs\flutter\01_getting_started\04_running_first_app.md", "Markdown", 352, 0, 0, 0, 128, 480
"d:\mydocs\dev_wiki\docs\flutter\01_getting_started\05_hot_reload_vs_restart.md", "Markdown", 347, 0, 0, 0, 110, 457
"d:\mydocs\dev_wiki\docs\flutter\02_architecture\01_flutter_architecture.md", "Markdown", 493, 0, 0, 0, 131, 624
"d:\mydocs\dev_wiki\docs\flutter\02_architecture\02_widget_tree.md", "Markdown", 605, 0, 0, 0, 133, 738
"d:\mydocs\dev_wiki\docs\flutter\02_architecture\03_element_tree.md", "Markdown", 582, 0, 0, 0, 146, 728
"d:\mydocs\dev_wiki\docs\flutter\02_architecture\04_render_tree.md", "Markdown", 623, 0, 0, 0, 155, 778
"d:\mydocs\dev_wiki\docs\flutter\02_architecture\05_build_process.md", "Markdown", 617, 0, 0, 0, 149, 766
"d:\mydocs\dev_wiki\docs\flutter\02_architecture\06_rendering_pipeline.md", "Markdown", 658, 0, 0, 0, 151, 809
"d:\mydocs\dev_wiki\docs\flutter\02_architecture\07_frame_scheduling.md", "Markdown", 622, 0, 0, 0, 138, 760
"d:\mydocs\dev_wiki\docs\flutter\02_architecture\08_constraints.md", "Markdown", 645, 0, 0, 0, 116, 761
"d:\mydocs\dev_wiki\docs\flutter\02_architecture\09_layout_process.md", "Markdown", 759, 0, 0, 0, 144, 903
"d:\mydocs\dev_wiki\docs\flutter\03_widgets\01_what_is_a_widget.md", "Markdown", 761, 0, 0, 0, 160, 921
"d:\mydocs\dev_wiki\docs\flutter\03_widgets\02_stateless_widget.md", "Markdown", 652, 0, 0, 0, 136, 788
"d:\mydocs\dev_wiki\docs\flutter\03_widgets\03_stateful_widget.md", "Markdown", 808, 0, 0, 0, 153, 961
"d:\mydocs\dev_wiki\docs\flutter\03_widgets\04_build_context.md", "Markdown", 539, 0, 0, 0, 124, 663
"d:\mydocs\dev_wiki\docs\flutter\03_widgets\05_keys.md", "Markdown", 708, 0, 0, 0, 137, 845
"d:\mydocs\dev_wiki\docs\flutter\03_widgets\06_widget_lifecycle.md", "Markdown", 588, 0, 0, 0, 126, 714
"d:\mydocs\dev_wiki\docs\flutter\03_widgets\07_widget_composition.md", "Markdown", 907, 0, 0, 0, 118, 1025
"d:\mydocs\dev_wiki\docs\flutter\03_widgets\08_widget_catalog.md", "Markdown", 913, 0, 0, 0, 124, 1037
"d:\mydocs\dev_wiki\docs\flutter\04_layout\01_constraints.md", "Markdown", 645, 0, 0, 0, 116, 761
"d:\mydocs\dev_wiki\docs\flutter\04_layout\02_box_model.md", "Markdown", 692, 0, 0, 0, 113, 805
"d:\mydocs\dev_wiki\docs\flutter\04_layout\03_flex_layout.md", "Markdown", 796, 0, 0, 0, 115, 911
"d:\mydocs\dev_wiki\docs\flutter\04_layout\04_row.md", "Markdown", 882, 0, 0, 0, 129, 1011
"d:\mydocs\dev_wiki\docs\flutter\04_layout\05_column.md", "Markdown", 663, 0, 0, 0, 90, 753
"d:\mydocs\dev_wiki\docs\flutter\04_layout\06_flex.md", "Markdown", 684, 0, 0, 0, 109, 793
"d:\mydocs\dev_wiki\docs\flutter\04_layout\07_stack.md", "Markdown", 660, 0, 0, 0, 97, 757
"d:\mydocs\dev_wiki\docs\flutter\04_layout\08_wrap.md", "Markdown", 628, 0, 0, 0, 99, 727
"d:\mydocs\dev_wiki\docs\flutter\04_layout\09_flow.md", "Markdown", 558, 0, 0, 0, 114, 672
"d:\mydocs\dev_wiki\docs\flutter\04_layout\10_align.md", "Markdown", 623, 0, 0, 0, 100, 723
"d:\mydocs\dev_wiki\docs\flutter\04_layout\11_center.md", "Markdown", 500, 0, 0, 0, 84, 584
"d:\mydocs\dev_wiki\docs\flutter\04_layout\12_sized_box.md", "Markdown", 645, 0, 0, 0, 113, 758
"d:\mydocs\dev_wiki\docs\flutter\04_layout\13_expanded.md", "Markdown", 757, 0, 0, 0, 91, 848
"d:\mydocs\dev_wiki\docs\flutter\04_layout\14_flexible.md", "Markdown", 675, 0, 0, 0, 85, 760
"d:\mydocs\dev_wiki\docs\flutter\04_layout\15_spacer.md", "Markdown", 582, 0, 0, 0, 88, 670
"d:\mydocs\dev_wiki\docs\flutter\04_layout\16_aspect_ratio.md", "Markdown", 563, 0, 0, 0, 85, 648
"d:\mydocs\dev_wiki\docs\flutter\04_layout\17_fractionally_sized_box.md", "Markdown", 526, 0, 0, 0, 90, 616
"d:\mydocs\dev_wiki\docs\flutter\04_layout\18_intrinsic_widgets.md", "Markdown", 594, 0, 0, 0, 93, 687
"d:\mydocs\dev_wiki\docs\flutter\04_layout\19_custom_layouts.md", "Markdown", 542, 0, 0, 0, 105, 647
"d:\mydocs\dev_wiki\docs\flutter\05_scrolling\01_scroll_view.md", "Markdown", 792, 0, 0, 0, 117, 909
"d:\mydocs\dev_wiki\docs\flutter\05_scrolling\02_list_view.md", "Markdown", 744, 0, 0, 0, 105, 849
"d:\mydocs\dev_wiki\docs\flutter\05_scrolling\03_grid_view.md", "Markdown", 650, 0, 0, 0, 75, 725
"d:\mydocs\dev_wiki\docs\flutter\05_scrolling\04_custom_scroll_view.md", "Markdown", 795, 0, 0, 0, 91, 886
"d:\mydocs\dev_wiki\docs\flutter\05_scrolling\05_slivers.md", "Markdown", 711, 0, 0, 0, 88, 799
"d:\mydocs\dev_wiki\docs\flutter\05_scrolling\06_scroll_controller.md", "Markdown", 600, 0, 0, 0, 101, 701
"d:\mydocs\dev_wiki\docs\flutter\05_scrolling\07_scroll_physics.md", "Markdown", 691, 0, 0, 0, 93, 784
"d:\mydocs\dev_wiki\docs\flutter\05_scrolling\08_nested_scrolling.md", "Markdown", 883, 0, 0, 0, 88, 971
"d:\mydocs\dev_wiki\docs\flutter\05_scrolling\09_infinite_scrolling.md", "Markdown", 734, 0, 0, 0, 117, 851
"d:\mydocs\dev_wiki\docs\flutter\06_navigation\01_navigator.md", "Markdown", 668, 0, 0, 0, 97, 765
"d:\mydocs\dev_wiki\docs\flutter\06_navigation\02_routes.md", "Markdown", 739, 0, 0, 0, 99, 838
"d:\mydocs\dev_wiki\docs\flutter\06_navigation\03_named_routes.md", "Markdown", 715, 0, 0, 0, 106, 821
"d:\mydocs\dev_wiki\docs\flutter\06_navigation\04_router_api.md", "Markdown", 670, 0, 0, 0, 111, 781
"d:\mydocs\dev_wiki\docs\flutter\06_navigation\05_deep_linking.md", "Markdown", 681, 0, 0, 0, 86, 767
"d:\mydocs\dev_wiki\docs\flutter\06_navigation\06_route_guards.md", "Markdown", 642, 0, 0, 0, 130, 772
"d:\mydocs\dev_wiki\docs\flutter\06_navigation\07_navigation_patterns.md", "Markdown", 841, 0, 0, 0, 113, 954
"d:\mydocs\dev_wiki\docs\flutter\07_state_management\01_local_state.md", "Markdown", 714, 0, 0, 0, 109, 823
"d:\mydocs\dev_wiki\docs\flutter\07_state_management\02_inherited_widget.md", "Markdown", 619, 0, 0, 0, 131, 750
"d:\mydocs\dev_wiki\docs\flutter\07_state_management\03_inherited_model.md", "Markdown", 1564, 0, 0, 0, 252, 1816
"d:\mydocs\dev_wiki\docs\flutter\07_state_management\04_value_notifier.md", "Markdown", 1184, 0, 0, 0, 208, 1392
"d:\mydocs\dev_wiki\docs\flutter\07_state_management\05_change_notifier.md", "Markdown", 888, 0, 0, 0, 153, 1041
"d:\mydocs\dev_wiki\docs\flutter\07_state_management\06_listenable.md", "Markdown", 687, 0, 0, 0, 126, 813
"d:\mydocs\dev_wiki\docs\flutter\07_state_management\07_restoration.md", "Markdown", 830, 0, 0, 0, 128, 958
"d:\mydocs\dev_wiki\docs\flutter\07_state_management\08_state_management_overview.md", "Markdown", 638, 0, 0, 0, 73, 711
"d:\mydocs\dev_wiki\docs\flutter\08_forms_and_input\01_text_field.md", "Markdown", 1120, 0, 0, 0, 146, 1266
"d:\mydocs\dev_wiki\docs\flutter\08_forms_and_input\02_text_editing_controller.md", "Markdown", 960, 0, 0, 0, 143, 1103
"d:\mydocs\dev_wiki\docs\flutter\08_forms_and_input\03_form.md", "Markdown", 1317, 0, 0, 0, 134, 1451
"d:\mydocs\dev_wiki\docs\flutter\08_forms_and_input\04_form_validation.md", "Markdown", 910, 0, 0, 0, 110, 1020
"d:\mydocs\dev_wiki\docs\flutter\08_forms_and_input\05_focus.md", "Markdown", 809, 0, 0, 0, 119, 928
"d:\mydocs\dev_wiki\docs\flutter\08_forms_and_input\06_keyboard_handling.md", "Markdown", 963, 0, 0, 0, 117, 1080
"d:\mydocs\dev_wiki\docs\flutter\08_forms_and_input\07_input_formatters.md", "Markdown", 733, 0, 0, 0, 114, 847
"d:\mydocs\dev_wiki\docs\flutter\09_animation\01_implicit_animations.md", "Markdown", 838, 0, 0, 0, 101, 939
"d:\mydocs\dev_wiki\docs\flutter\09_animation\02_explicit_animations.md", "Markdown", 0, 0, 0, 0, 1, 1
"d:\mydocs\dev_wiki\docs\flutter\09_animation\03_animation_controller.md", "Markdown", 0, 0, 0, 0, 1, 1
"d:\mydocs\dev_wiki\docs\flutter\09_animation\04_tween.md", "Markdown", 0, 0, 0, 0, 1, 1
"d:\mydocs\dev_wiki\docs\flutter\09_animation\05_curves.md", "Markdown", 0, 0, 0, 0, 1, 1
"d:\mydocs\dev_wiki\docs\flutter\09_animation\06_hero.md", "Markdown", 0, 0, 0, 0, 1, 1
"d:\mydocs\dev_wiki\docs\flutter\09_animation\07_animated_builder.md", "Markdown", 0, 0, 0, 0, 1, 1
"d:\mydocs\dev_wiki\docs\flutter\09_animation\08_custom_painter_animation.md", "Markdown", 0, 0, 0, 0, 1, 1
"d:\mydocs\dev_wiki\docs\flutter\09_animation\09_physics_animations.md", "Markdown", 0, 0, 0, 0, 1, 1
"d:\mydocs\dev_wiki\docs\flutter\10_gestures\01_gesture_detector.md", "Markdown", 0, 0, 0, 0, 1, 1
"d:\mydocs\dev_wiki\docs\flutter\10_gestures\02_ink_well.md", "Markdown", 0, 0, 0, 0, 1, 1
"d:\mydocs\dev_wiki\docs\flutter\10_gestures\03_pointer_events.md", "Markdown", 0, 0, 0, 0, 1, 1
"d:\mydocs\dev_wiki\docs\flutter\10_gestures\04_drag_and_drop.md", "Markdown", 0, 0, 0, 0, 1, 1
"d:\mydocs\dev_wiki\docs\flutter\10_gestures\05_hit_testing.md", "Markdown", 0, 0, 0, 0, 1, 1
"d:\mydocs\dev_wiki\docs\flutter\11_rendering\01_custom_paint.md", "Markdown", 0, 0, 0, 0, 1, 1
"d:\mydocs\dev_wiki\docs\flutter\11_rendering\02_custom_painter.md", "Markdown", 0, 0, 0, 0, 1, 1
"d:\mydocs\dev_wiki\docs\flutter\11_rendering\03_canvas.md", "Markdown", 0, 0, 0, 0, 1, 1
"d:\mydocs\dev_wiki\docs\flutter\11_rendering\04_render_object.md", "Markdown", 0, 0, 0, 0, 1, 1
"d:\mydocs\dev_wiki\docs\flutter\11_rendering\05_render_box.md", "Markdown", 0, 0, 0, 0, 1, 1
"d:\mydocs\dev_wiki\docs\flutter\11_rendering\06_layers.md", "Markdown", 0, 0, 0, 0, 1, 1
"d:\mydocs\dev_wiki\docs\flutter\11_rendering\07_compositing.md", "Markdown", 0, 0, 0, 0, 1, 1
"d:\mydocs\dev_wiki\docs\flutter\12_images_and_assets\01_asset_management.md", "Markdown", 0, 0, 0, 0, 1, 1
"d:\mydocs\dev_wiki\docs\flutter\12_images_and_assets\02_image_widget.md", "Markdown", 0, 0, 0, 0, 1, 1
"d:\mydocs\dev_wiki\docs\flutter\12_images_and_assets\03_network_images.md", "Markdown", 0, 0, 0, 0, 1, 1
"d:\mydocs\dev_wiki\docs\flutter\12_images_and_assets\04_caching.md", "Markdown", 0, 0, 0, 0, 1, 1
"d:\mydocs\dev_wiki\docs\flutter\12_images_and_assets\05_svg.md", "Markdown", 0, 0, 0, 0, 1, 1
"d:\mydocs\dev_wiki\docs\flutter\12_images_and_assets\06_asset_bundles.md", "Markdown", 0, 0, 0, 0, 1, 1
"d:\mydocs\dev_wiki\docs\flutter\13_theming\01_theme_data.md", "Markdown", 0, 0, 0, 0, 1, 1
"d:\mydocs\dev_wiki\docs\flutter\13_theming\02_color_scheme.md", "Markdown", 0, 0, 0, 0, 1, 1
"d:\mydocs\dev_wiki\docs\flutter\13_theming\03_material_3.md", "Markdown", 0, 0, 0, 0, 1, 1
"d:\mydocs\dev_wiki\docs\flutter\13_theming\04_typography.md", "Markdown", 0, 0, 0, 0, 1, 1
"d:\mydocs\dev_wiki\docs\flutter\13_theming\05_dark_mode.md", "Markdown", 0, 0, 0, 0, 1, 1
"d:\mydocs\dev_wiki\docs\flutter\13_theming\06_dynamic_color.md", "Markdown", 0, 0, 0, 0, 1, 1
"d:\mydocs\dev_wiki\docs\flutter\13_theming\07_custom_themes.md", "Markdown", 0, 0, 0, 0, 1, 1
"d:\mydocs\dev_wiki\docs\flutter\14_platform_integration\01_platform_channels.md", "Markdown", 0, 0, 0, 0, 1, 1
"d:\mydocs\dev_wiki\docs\flutter\14_platform_integration\02_method_channel.md", "Markdown", 0, 0, 0, 0, 1, 1
"d:\mydocs\dev_wiki\docs\flutter\14_platform_integration\03_event_channel.md", "Markdown", 0, 0, 0, 0, 1, 1
"d:\mydocs\dev_wiki\docs\flutter\14_platform_integration\04_ffi.md", "Markdown", 0, 0, 0, 0, 1, 1
"d:\mydocs\dev_wiki\docs\flutter\14_platform_integration\05_plugins.md", "Markdown", 0, 0, 0, 0, 1, 1
"d:\mydocs\dev_wiki\docs\flutter\14_platform_integration\06_platform_views.md", "Markdown", 0, 0, 0, 0, 1, 1
"d:\mydocs\dev_wiki\docs\flutter\15_async_ui\01_future_builder.md", "Markdown", 0, 0, 0, 0, 1, 1
"d:\mydocs\dev_wiki\docs\flutter\15_async_ui\02_stream_builder.md", "Markdown", 0, 0, 0, 0, 1, 1
"d:\mydocs\dev_wiki\docs\flutter\15_async_ui\03_value_listenable_builder.md", "Markdown", 0, 0, 0, 0, 1, 1
"d:\mydocs\dev_wiki\docs\flutter\15_async_ui\04_animated_builder.md", "Markdown", 0, 0, 0, 0, 1, 1
"d:\mydocs\dev_wiki\docs\flutter\15_async_ui\05_async_patterns.md", "Markdown", 0, 0, 0, 0, 1, 1
"d:\mydocs\dev_wiki\docs\flutter\16_performance\01_rebuild_optimization.md", "Markdown", 0, 0, 0, 0, 1, 1
"d:\mydocs\dev_wiki\docs\flutter\16_performance\02_const_widgets.md", "Markdown", 0, 0, 0, 0, 1, 1
"d:\mydocs\dev_wiki\docs\flutter\16_performance\03_keys.md", "Markdown", 0, 0, 0, 0, 1, 1
"d:\mydocs\dev_wiki\docs\flutter\16_performance\04_widget_splitting.md", "Markdown", 0, 0, 0, 0, 1, 1
"d:\mydocs\dev_wiki\docs\flutter\16_performance\05_repaint_boundary.md", "Markdown", 0, 0, 0, 0, 1, 1
"d:\mydocs\dev_wiki\docs\flutter\16_performance\06_image_optimization.md", "Markdown", 0, 0, 0, 0, 1, 1
"d:\mydocs\dev_wiki\docs\flutter\16_performance\07_dev_tools.md", "Markdown", 0, 0, 0, 0, 1, 1
"d:\mydocs\dev_wiki\docs\flutter\16_performance\08_profiling.md", "Markdown", 0, 0, 0, 0, 1, 1
"d:\mydocs\dev_wiki\docs\flutter\17_testing\01_unit_tests.md", "Markdown", 0, 0, 0, 0, 1, 1
"d:\mydocs\dev_wiki\docs\flutter\17_testing\02_widget_tests.md", "Markdown", 0, 0, 0, 0, 1, 1
"d:\mydocs\dev_wiki\docs\flutter\17_testing\03_integration_tests.md", "Markdown", 0, 0, 0, 0, 1, 1
"d:\mydocs\dev_wiki\docs\flutter\17_testing\04_golden_tests.md", "Markdown", 0, 0, 0, 0, 1, 1
"d:\mydocs\dev_wiki\docs\flutter\17_testing\05_test_utilities.md", "Markdown", 0, 0, 0, 0, 1, 1
"d:\mydocs\dev_wiki\docs\flutter\18_accessibility\01_semantics.md", "Markdown", 0, 0, 0, 0, 1, 1
"d:\mydocs\dev_wiki\docs\flutter\18_accessibility\02_screen_readers.md", "Markdown", 0, 0, 0, 0, 1, 1
"d:\mydocs\dev_wiki\docs\flutter\18_accessibility\03_keyboard_navigation.md", "Markdown", 0, 0, 0, 0, 1, 1
"d:\mydocs\dev_wiki\docs\flutter\18_accessibility\04_accessibility_best_practices.md", "Markdown", 0, 0, 0, 0, 1, 1
"d:\mydocs\dev_wiki\docs\flutter\19_best_practices\01_project_structure.md", "Markdown", 0, 0, 0, 0, 1, 1
"d:\mydocs\dev_wiki\docs\flutter\19_best_practices\02_folder_organization.md", "Markdown", 0, 0, 0, 0, 1, 1
"d:\mydocs\dev_wiki\docs\flutter\19_best_practices\03_separation_of_concerns.md", "Markdown", 0, 0, 0, 0, 1, 1
"d:\mydocs\dev_wiki\docs\flutter\19_best_practices\04_error_handling.md", "Markdown", 0, 0, 0, 0, 1, 1
"d:\mydocs\dev_wiki\docs\flutter\19_best_practices\05_responsive_design.md", "Markdown", 0, 0, 0, 0, 1, 1
"d:\mydocs\dev_wiki\docs\flutter\19_best_practices\06_adaptive_design.md", "Markdown", 0, 0, 0, 0, 1, 1
"d:\mydocs\dev_wiki\docs\flutter\19_best_practices\07_architecture_patterns.md", "Markdown", 0, 0, 0, 0, 1, 1
"d:\mydocs\dev_wiki\docs\flutter\20_comparisons\01_stateless_vs_stateful.md", "Markdown", 0, 0, 0, 0, 1, 1
"d:\mydocs\dev_wiki\docs\flutter\20_comparisons\02_row_vs_column_vs_flex.md", "Markdown", 0, 0, 0, 0, 1, 1
"d:\mydocs\dev_wiki\docs\flutter\20_comparisons\03_expanded_vs_flexible.md", "Markdown", 0, 0, 0, 0, 1, 1
"d:\mydocs\dev_wiki\docs\flutter\20_comparisons\04_listview_vs_customscrollview.md", "Markdown", 0, 0, 0, 0, 1, 1
"d:\mydocs\dev_wiki\docs\flutter\20_comparisons\05_futurebuilder_vs_streambuilder.md", "Markdown", 0, 0, 0, 0, 1, 1
"d:\mydocs\dev_wiki\docs\flutter\20_comparisons\06_gesturedetector_vs_inkwell.md", "Markdown", 0, 0, 0, 0, 1, 1
"d:\mydocs\dev_wiki\docs\flutter\20_comparisons\07_navigator1_vs_router_api.md", "Markdown", 0, 0, 0, 0, 1, 1
"d:\mydocs\dev_wiki\docs\flutter\20_comparisons\08_implicit_vs_explicit_animation.md", "Markdown", 0, 0, 0, 0, 1, 1
"d:\mydocs\dev_wiki\docs\flutter\20_comparisons\09_state_management_approaches.md", "Markdown", 0, 0, 0, 0, 1, 1
"d:\mydocs\dev_wiki\docs\flutter\21_api_cheat_sheet\01_layout_widgets.md", "Markdown", 0, 0, 0, 0, 1, 1
"d:\mydocs\dev_wiki\docs\flutter\21_api_cheat_sheet\02_input_widgets.md", "Markdown", 0, 0, 0, 0, 1, 1
"d:\mydocs\dev_wiki\docs\flutter\21_api_cheat_sheet\03_scrolling_widgets.md", "Markdown", 0, 0, 0, 0, 1, 1
"d:\mydocs\dev_wiki\docs\flutter\21_api_cheat_sheet\04_animation_widgets.md", "Markdown", 0, 0, 0, 0, 1, 1
"d:\mydocs\dev_wiki\docs\flutter\21_api_cheat_sheet\05_builder_widgets.md", "Markdown", 0, 0, 0, 0, 1, 1
"d:\mydocs\dev_wiki\docs\flutter\21_api_cheat_sheet\06_common_patterns.md", "Markdown", 0, 0, 0, 0, 1, 1
"d:\mydocs\dev_wiki\docs\index.md", "Markdown", 126, 0, 0, 0, 63, 189
"d:\mydocs\dev_wiki\docs\riverpod\01_getting_started\01_what_is_riverpod.md", "Markdown", 148, 0, 0, 0, 81, 229
"d:\mydocs\dev_wiki\docs\riverpod\01_getting_started\02_installation.md", "Markdown", 167, 0, 0, 0, 84, 251
"d:\mydocs\dev_wiki\docs\riverpod\01_getting_started\03_first_provider.md", "Markdown", 239, 0, 0, 0, 111, 350
"d:\mydocs\dev_wiki\docs\riverpod\01_getting_started\04_consumer_widgets.md", "Markdown", 284, 0, 0, 0, 130, 414
"d:\mydocs\dev_wiki\docs\riverpod\01_getting_started\05_provider_scope.md", "Markdown", 252, 0, 0, 0, 106, 358
"d:\mydocs\dev_wiki\docs\riverpod\02_core_concepts\01_provider_container.md", "Markdown", 229, 0, 0, 0, 120, 349
"d:\mydocs\dev_wiki\docs\riverpod\02_core_concepts\02_providerscope_indepth.md", "Markdown", 261, 0, 0, 0, 105, 366
"d:\mydocs\dev_wiki\docs\riverpod\02_core_concepts\03_provider_lifecycle.md", "Markdown", 311, 0, 0, 0, 153, 464
"d:\mydocs\dev_wiki\docs\riverpod\02_core_concepts\04_dependancy_graph.md", "Markdown", 318, 0, 0, 0, 150, 468
"d:\mydocs\dev_wiki\docs\riverpod\02_core_concepts\05_state_invalidation.md", "Markdown", 260, 0, 0, 0, 124, 384
"d:\mydocs\dev_wiki\docs\riverpod\02_core_concepts\06_caching.md", "Markdown", 285, 0, 0, 0, 138, 423
"d:\mydocs\dev_wiki\docs\riverpod\02_core_concepts\07_auto_dispose.md", "Markdown", 322, 0, 0, 0, 134, 456
"d:\mydocs\dev_wiki\docs\riverpod\02_core_concepts\08_code_generation.md", "Markdown", 294, 0, 0, 0, 142, 436
"d:\mydocs\dev_wiki\docs\riverpod\03_provider_types\01_provider.md", "Markdown", 241, 0, 0, 0, 110, 351
"d:\mydocs\dev_wiki\docs\riverpod\03_provider_types\02_stateprovider.md", "Markdown", 246, 0, 0, 0, 126, 372
"d:\mydocs\dev_wiki\docs\riverpod\03_provider_types\03_future_provider.md", "Markdown", 289, 0, 0, 0, 134, 423
"d:\mydocs\dev_wiki\docs\riverpod\03_provider_types\04_stream_provider.md", "Markdown", 302, 0, 0, 0, 123, 425
"d:\mydocs\dev_wiki\docs\riverpod\03_provider_types\05_notifier_provider.md", "Markdown", 295, 0, 0, 0, 132, 427
"d:\mydocs\dev_wiki\docs\riverpod\03_provider_types\06_async_notifier_provider.md", "Markdown", 316, 0, 0, 0, 130, 446
"d:\mydocs\dev_wiki\docs\riverpod\03_provider_types\07_stream_notifier_provider.md", "Markdown", 317, 0, 0, 0, 124, 441
"d:\mydocs\dev_wiki\docs\riverpod\03_provider_types\08_change_notifier_provider.md", "Markdown", 273, 0, 0, 0, 133, 406
"d:\mydocs\dev_wiki\docs\riverpod\03_provider_types\09_state_notfier_provider.md", "Markdown", 312, 0, 0, 0, 144, 456
"d:\mydocs\dev_wiki\docs\riverpod\04_notfiers\01_notfier.md", "Markdown", 218, 0, 0, 0, 104, 322
"d:\mydocs\dev_wiki\docs\riverpod\04_notfiers\02_async_notfier.md", "Markdown", 274, 0, 0, 0, 118, 392
"d:\mydocs\dev_wiki\docs\riverpod\04_notfiers\03_stream_notfier.md", "Markdown", 254, 0, 0, 0, 108, 362
"d:\mydocs\dev_wiki\docs\riverpod\04_notfiers\04_build.md", "Markdown", 222, 0, 0, 0, 101, 323
"d:\mydocs\dev_wiki\docs\riverpod\04_notfiers\05_state.md", "Markdown", 213, 0, 0, 0, 104, 317
"d:\mydocs\dev_wiki\docs\riverpod\04_notfiers\06_ref.md", "Markdown", 254, 0, 0, 0, 130, 384
"d:\mydocs\dev_wiki\docs\riverpod\04_notfiers\07_provider_family.md", "Markdown", 209, 0, 0, 0, 103, 312
"d:\mydocs\dev_wiki\docs\riverpod\05_ref\01_what_is_ref.md", "Markdown", 200, 0, 0, 0, 102, 302
"d:\mydocs\dev_wiki\docs\riverpod\05_ref\02_ref_watch.md", "Markdown", 270, 0, 0, 0, 131, 401
"d:\mydocs\dev_wiki\docs\riverpod\05_ref\03_ref_read.md", "Markdown", 248, 0, 0, 0, 130, 378
"d:\mydocs\dev_wiki\docs\riverpod\05_ref\04_ref_listen.md", "Markdown", 283, 0, 0, 0, 129, 412
"d:\mydocs\dev_wiki\docs\riverpod\05_ref\05_ref_listen_manual.md", "Markdown", 273, 0, 0, 0, 122, 395
"d:\mydocs\dev_wiki\docs\riverpod\05_ref\06_ref_invalidate.md", "Markdown", 247, 0, 0, 0, 129, 376
"d:\mydocs\dev_wiki\docs\riverpod\05_ref\07_ref_invalidate_self.md", "Markdown", 257, 0, 0, 0, 130, 387
"d:\mydocs\dev_wiki\docs\riverpod\05_ref\08_ref_refresh.md", "Markdown", 251, 0, 0, 0, 124, 375
"d:\mydocs\dev_wiki\docs\riverpod\05_ref\09_ref_keep_alive.md", "Markdown", 274, 0, 0, 0, 145, 419
"d:\mydocs\dev_wiki\docs\riverpod\05_ref\10_ref_on_dispose.md", "Markdown", 290, 0, 0, 0, 144, 434
"d:\mydocs\dev_wiki\docs\riverpod\05_ref\11_ref_on_cancel.md", "Markdown", 283, 0, 0, 0, 134, 417
"d:\mydocs\dev_wiki\docs\riverpod\05_ref\12_ref_on_resume.md", "Markdown", 301, 0, 0, 0, 133, 434
"d:\mydocs\dev_wiki\docs\riverpod\05_ref\13_ref_exists.md", "Markdown", 239, 0, 0, 0, 128, 367
"d:\mydocs\dev_wiki\docs\riverpod\05_ref\14_ref_lifecycle.md", "Markdown", 272, 0, 0, 0, 114, 386
"d:\mydocs\dev_wiki\docs\riverpod\06_async_value\01_what_is_async_value.md", "Markdown", 285, 0, 0, 0, 140, 425
"d:\mydocs\dev_wiki\docs\riverpod\06_async_value\02_loading.md", "Markdown", 281, 0, 0, 0, 126, 407
"d:\mydocs\dev_wiki\docs\riverpod\06_async_value\03_data.md", "Markdown", 258, 0, 0, 0, 130, 388
"d:\mydocs\dev_wiki\docs\riverpod\06_async_value\04_error.md", "Markdown", 262, 0, 0, 0, 124, 386
"d:\mydocs\dev_wiki\docs\riverpod\06_async_value\05_when.md", "Markdown", 265, 0, 0, 0, 122, 387
"d:\mydocs\dev_wiki\docs\riverpod\06_async_value\06_maybe_when.md", "Markdown", 256, 0, 0, 0, 108, 364
"d:\mydocs\dev_wiki\docs\riverpod\06_async_value\07_map.md", "Markdown", 289, 0, 0, 0, 124, 413
"d:\mydocs\dev_wiki\docs\riverpod\06_async_value\08_maybe_map.md", "Markdown", 279, 0, 0, 0, 125, 404
"d:\mydocs\dev_wiki\docs\riverpod\06_async_value\09_guard.md", "Markdown", 264, 0, 0, 0, 121, 385
"d:\mydocs\dev_wiki\docs\riverpod\06_async_value\10_best_practices.md", "Markdown", 255, 0, 0, 0, 139, 394
"d:\mydocs\dev_wiki\docs\riverpod\07_provider_modifiers\00_what_is_p_modifiers.md", "Markdown", 132, 0, 0, 0, 88, 220
"d:\mydocs\dev_wiki\docs\riverpod\07_provider_modifiers\01_auto_dispose.md", "Markdown", 207, 0, 0, 0, 93, 300
"d:\mydocs\dev_wiki\docs\riverpod\07_provider_modifiers\02_family.md", "Markdown", 199, 0, 0, 0, 105, 304
"d:\mydocs\dev_wiki\docs\riverpod\07_provider_modifiers\03_override_with.md", "Markdown", 217, 0, 0, 0, 95, 312
"d:\mydocs\dev_wiki\docs\riverpod\07_provider_modifiers\04_override_with_value.md", "Markdown", 202, 0, 0, 0, 103, 305
"d:\mydocs\dev_wiki\docs\riverpod\07_provider_modifiers\05_select.md", "Markdown", 181, 0, 0, 0, 96, 277
"d:\mydocs\dev_wiki\docs\riverpod\07_provider_modifiers\06_keep_alive.md", "Markdown", 185, 0, 0, 0, 104, 289
"d:\mydocs\dev_wiki\docs\riverpod\08_consumers\01_consumer.md", "Markdown", 211, 0, 0, 0, 95, 306
"d:\mydocs\dev_wiki\docs\riverpod\08_consumers\02_consumer_widget.md", "Markdown", 207, 0, 0, 0, 104, 311
"d:\mydocs\dev_wiki\docs\riverpod\08_consumers\03_consumer_stateful_widget.md", "Markdown", 271, 0, 0, 0, 115, 386
"d:\mydocs\dev_wiki\docs\riverpod\08_consumers\04_widget_ref.md", "Markdown", 222, 0, 0, 0, 106, 328
"d:\mydocs\dev_wiki\docs\riverpod\09_provider_observers\01_provider_observer.md", "Markdown", 201, 0, 0, 0, 86, 287
"d:\mydocs\dev_wiki\docs\riverpod\09_provider_observers\02_logging.md", "Markdown", 217, 0, 0, 0, 91, 308
"d:\mydocs\dev_wiki\docs\riverpod\09_provider_observers\03_debugging.md", "Markdown", 194, 0, 0, 0, 93, 287
"d:\mydocs\dev_wiki\docs\riverpod\09_provider_observers\04_performance_monitoring.md", "Markdown", 197, 0, 0, 0, 95, 292
"d:\mydocs\dev_wiki\docs\riverpod\10_testing\01_provider_container.md", "Markdown", 207, 0, 0, 0, 114, 321
"d:\mydocs\dev_wiki\docs\riverpod\10_testing\02_overriding_providers.md", "Markdown", 209, 0, 0, 0, 96, 305
"d:\mydocs\dev_wiki\docs\riverpod\10_testing\03_testing_providers.md", "Markdown", 224, 0, 0, 0, 115, 339
"d:\mydocs\dev_wiki\docs\riverpod\10_testing\04_testing_notifiers.md", "Markdown", 227, 0, 0, 0, 113, 340
"d:\mydocs\dev_wiki\docs\riverpod\10_testing\05_mocking_dependencies.md", "Markdown", 210, 0, 0, 0, 101, 311
"d:\mydocs\dev_wiki\docs\riverpod\10_testing\06_integration_testing.md", "Markdown", 231, 0, 0, 0, 105, 336
"d:\mydocs\dev_wiki\docs\riverpod\11_performance\01_minimizing_rebuilds.md", "Markdown", 209, 0, 0, 0, 106, 315
"d:\mydocs\dev_wiki\docs\riverpod\11_performance\02_select.md", "Markdown", 209, 0, 0, 0, 106, 315
"d:\mydocs\dev_wiki\docs\riverpod\11_performance\03_splitting_providers.md", "Markdown", 236, 0, 0, 0, 109, 345
"d:\mydocs\dev_wiki\docs\riverpod\11_performance\04_auto_dispose_strategy.md", "Markdown", 219, 0, 0, 0, 101, 320
"d:\mydocs\dev_wiki\docs\riverpod\11_performance\05_caching.md", "Markdown", 188, 0, 0, 0, 100, 288
"d:\mydocs\dev_wiki\docs\riverpod\11_performance\06_common_performance_pitfalls.md", "Markdown", 250, 0, 0, 0, 122, 372
"d:\mydocs\dev_wiki\docs\riverpod\12_best_practices\01_project_structure.md", "Markdown", 214, 0, 0, 0, 88, 302
"d:\mydocs\dev_wiki\docs\riverpod\12_best_practices\02_naming_conventions.md", "Markdown", 182, 0, 0, 0, 97, 279
"d:\mydocs\dev_wiki\docs\riverpod\12_best_practices\03_provider_organization.md", "Markdown", 225, 0, 0, 0, 99, 324
"d:\mydocs\dev_wiki\docs\riverpod\12_best_practices\04_error_handling.md", "Markdown", 222, 0, 0, 0, 104, 326
"d:\mydocs\dev_wiki\docs\riverpod\12_best_practices\05_state_management_patterns.md", "Markdown", 215, 0, 0, 0, 102, 317
"d:\mydocs\dev_wiki\docs\riverpod\12_best_practices\06_dependency_injection.md", "Markdown", 201, 0, 0, 0, 105, 306
"d:\mydocs\dev_wiki\docs\riverpod\13_migration\01_provider_to_riverpod.md", "Markdown", 253, 0, 0, 0, 128, 381
"d:\mydocs\dev_wiki\docs\riverpod\13_migration\02_state_notifier_to_notifier.md", "Markdown", 232, 0, 0, 0, 111, 343
"d:\mydocs\dev_wiki\docs\riverpod\13_migration\03_future_provider_to_async_notifier.md", "Markdown", 239, 0, 0, 0, 111, 350
"d:\mydocs\dev_wiki\docs\riverpod\13_migration\04_state_provider_to_notifier.md", "Markdown", 239, 0, 0, 0, 120, 359
"d:\mydocs\dev_wiki\docs\riverpod\13_migration\05_riverpod2_to_riverpod3.md", "Markdown", 271, 0, 0, 0, 133, 404
"d:\mydocs\dev_wiki\docs\riverpod\14_comparisons\01_provider_vs_state_provider.md", "Markdown", 215, 0, 0, 0, 115, 330
"d:\mydocs\dev_wiki\docs\riverpod\14_comparisons\02_future_provider_vs_async_notifier.md", "Markdown", 261, 0, 0, 0, 121, 382
"d:\mydocs\dev_wiki\docs\riverpod\14_comparisons\03_stream_provider_vs_stream_notifier.md", "Markdown", 266, 0, 0, 0, 120, 386
"d:\mydocs\dev_wiki\docs\riverpod\14_comparisons\04_notifier_vs_async_notifier.md", "Markdown", 293, 0, 0, 0, 125, 418
"d:\mydocs\dev_wiki\docs\riverpod\14_comparisons\05_notifier_vs_state_notifier.md", "Markdown", 293, 0, 0, 0, 125, 418
"d:\mydocs\dev_wiki\docs\riverpod\14_comparisons\06_provider_vs_bloc.md", "Markdown", 262, 0, 0, 0, 122, 384
"d:\mydocs\dev_wiki\docs\riverpod\14_comparisons\07_provider_vs_getx.md", "Markdown", 265, 0, 0, 0, 127, 392
"d:\mydocs\dev_wiki\docs\riverpod\14_comparisons\08_choosing_the_right_provider.md", "Markdown", 336, 0, 0, 0, 157, 493
"d:\mydocs\dev_wiki\docs\riverpod\15_api_cheat_sheet\01_common_apis.md", "Markdown", 214, 0, 0, 0, 121, 335
"d:\mydocs\dev_wiki\docs\riverpod\15_api_cheat_sheet\02_lifecycle_apis.md", "Markdown", 202, 0, 0, 0, 93, 295
"d:\mydocs\dev_wiki\docs\riverpod\15_api_cheat_sheet\03_ref_apis.md", "Markdown", 212, 0, 0, 0, 97, 309
"d:\mydocs\dev_wiki\docs\riverpod\15_api_cheat_sheet\04_async_value_apis.md", "Markdown", 198, 0, 0, 0, 93, 291
"d:\mydocs\dev_wiki\docs\riverpod\15_api_cheat_sheet\05_provider_types_overview.md", "Markdown", 198, 0, 0, 0, 93, 291
"d:\mydocs\dev_wiki\docs\riverpod\map.md", "Markdown", 113, 0, 0, 0, 0, 113
"d:\mydocs\dev_wiki\docs\stylesheet\extra.css", "PostCSS", 0, 76, 0, 14, 21, 111
"d:\mydocs\dev_wiki\docs\template\api_reference.md", "Markdown", 5, 0, 0, 0, 4, 9
"Total", "-", 121883, 76, 17, 14, 33589, 155579